material_id,pretty_formula
mp-567332,Ce
mp-10658,Dy
mp-10659,Ho
mp-86,Sm
mp-2801,CeCu2
mp-2154,CeP
mp-581942,CeCu6
mp-954,BaB6
mp-10172,Na
mp-1179656,Rb
mp-75,Nb
mp-864647,Hf2N
mp-103,Hf
mp-2828,HfN
mp-1224388,Hf3N2
mp-49,Os
mp-1188283,V8N
mp-146,V
mp-33090,V2N
mp-155,Gd
mp-972364,Yb
mp-35,Mn
mp-1057315,Eu
mp-570175,Ce5Si3
mp-23193,KCl
mp-1184905,K
mp-145,Lu
mp-33,Ru
mp-573697,CsCl
mp-1184151,Cs
mp-11698,Tb
mp-123,Nd
mp-614603,CsI
mp-571222,CsBr
mp-23295,RbCl
mp-129,Mo
mp-67,Sc
mp-1018122,Tm
mp-1885,AlIr
mp-1204352,Y3Ga2
mp-1187739,Y
mp-11420,YGa
mp-90,Cr
mp-10740,Pa
mp-11534,Np
mp-862690,Ac
mp-2292,La2O3
mp-26,La
mp-19923,GdAl2
mp-1078585,GdAl
mp-20353,GdGa
mp-867200,Pm
mp-1188469,La5Ge3
mp-946,PrIr2
mp-1205021,Pr5Ir3
mp-1104160,Pr5Ir2
mp-16705,Pr2O3
mp-1106395,Pr3Ir
mp-38,Pr
mp-2345,Dy2O3
mp-91,W
mp-37,Th
mp-24237,ScH2
mp-1214417,BaC6
mp-661,AlN
mp-710,SmP
mp-218,Sm2O3
mp-1106373,Sm5Si3
mp-1025489,SmSi
mp-113,Tc
mp-13,Fe
mp-1101970,TbRu2
mp-1189033,Tb3Ru
mp-1056,Tb2O3
mp-1104937,Pr5Ru2
mp-1197932,Pr7Ru3
mp-2665,PrRu2
mp-1105741,Pr3Ru
mp-510402,GdS
mp-4805,Gd2SO2
mp-504886,Gd2O3
mp-23,Ni
mp-1779,YbTe
mp-1216,YbO
mp-2652,Y2O3
mp-2057,DyB2
mp-2719,DyB4
mp-1767,Tm2O3
mp-749,SmN
mp-11506,Ni3Mo
mp-11507,Ni4Mo
mp-7283,LaB4
mp-2680,LaB6
mp-1427,Lu2O3
mp-1410,DyN
mp-2117,TbN
mp-2114,YN
mp-2267,HoB2
mp-812,Ho2O3
mp-569281,HoB4
mp-1610,TbS
mp-44,U
mp-54,Co
mp-22600,Sc3P2
mp-1188800,Sc3P
mp-554098,Ti6O
mp-31214,Ti3P
mp-568636,TiCr2
mp-72,Ti
mp-87,Be
mp-1189967,Pr3Os
mp-567339,PrOs2
mp-1102043,LaOs2
mp-492,TiN
mp-8282,Ti2N
mp-1185970,Mn3Co
mp-11854,Er5Ge3
mp-1184115,Er
mp-16713,Pr2B5
mp-12569,PrB4
mp-2538,Y5Si3
mp-17751,Y5Ge3
mp-1189863,Tm5Si3
mp-1066975,TmSi
mp-50,Ta
mp-2567,V3Si
mp-568671,V5Si3
mp-22903,RbI
mp-505002,Sc5As3
mp-11649,Ca3SiO
mp-2517,Ca2Si
mp-1187073,Sr
mp-2605,CaO
mp-7084,SrCaSi
mp-24286,ZrH2
mp-131,Zr
mp-22898,KI
mp-568646,Ta3Si
mp-1989,Ta5Si3
mp-2542,BeO
mp-1212961,Eu2N
mp-1103990,EuC6
mp-8,Re
mp-12906,Sr3CrN3
mp-1245,Sr2N
mp-1095642,Eu2Ge
mp-20587,EuS
mp-4764,Pr2SeO2
mp-1190061,Eu5Si3
mp-21394,EuO
mp-1183837,Co3Ni
mp-28930,KC8
mp-21256,Mn7C3
mp-542830,Mn23C6
mp-608,TiCo3
mp-823,TiCo
mp-1191331,Ti2Co
mp-11501,MnNi3
mp-1080525,FeB
mp-10118,Mn3B4
mp-20318,Mn2B
mp-1915,Fe2B
mp-1761,LuIr2
mp-1529,LuIr
mp-364,AlRh
mp-569220,ErRu2
mp-568186,YRu2
mp-1207781,Y3Ru
mp-11452,HfOs
mp-862980,PmAl3
mp-2235,YbRh2
mp-567089,YbRh
mp-570438,Yb8Tl3
mp-570684,ZrOs2
mp-11541,ZrOs
mp-30743,TmIr2
mp-11483,TmIr
mp-1198195,Tm5Ir3
mp-928,HoIr2
mp-11476,HoIr
mp-1197997,Ho5Ir3
mp-1188656,Nd3Os
mp-569630,NdOs2
mp-1187196,Ta3Ir
mp-1458,Nb3Ir
mp-969,YbAl2
mp-865934,YbF2
mp-1071848,Pr2Sb
mp-242,SrB6
mp-2686,Ca2N
mp-2080,SrBe13
mp-27791,SrBe3O4
mp-1077063,La2Bi
mp-20874,EuB6
mp-864984,MnV3
mp-316,MnV
mp-23713,CaH2
mp-22867,RbBr
mp-1079399,V3Fe
mp-866134,VFe3
mp-1079796,Ti3Pd
mp-1072399,Be5Pt
mp-567415,Nd2B5
mp-1045,Nd2O3
mp-1632,NdB4
mp-1184,La2C3
mp-567290,LaN
mp-2367,LaC2
mp-623108,Eu4Ir
mp-1199558,Sm5Ir3
mp-7342,Sm3Ir
mp-1104500,Sm5Ir2
mp-643,ThO2
mp-2599,NdN
mp-2823,NdP
mp-1463,LaIr2
mp-1199235,La5Ir3
mp-1104396,La5Ir2
mp-1104303,La3Ir2
mp-1188310,Tm5Ge3
mp-981,SrF2
mp-1079937,Pr3Si2
mp-9968,PrSi
mp-1188125,Sm3Ru
mp-1104159,Sm5Ru2
mp-1102438,SmRu2
mp-1103979,Nd5Ru2
mp-1106300,Nd3Ru
mp-1102217,NdRu2
mp-800,TmB2
mp-568143,TmB4
mp-16032,Pr2TeO2
mp-1975,TmN
mp-1000,BaTe
mp-12614,Ca2Cu
mp-585949,CaCu
mp-1882,CaCu5
mp-10961,La5Si3
mp-1748,NdS
mp-1189298,YbB4
mp-419,YbB6
mp-30428,BaCu
mp-1215377,Zr4O
mp-1278,Zr2Si
mp-1207024,Zr3Si2
mp-893,ZrSi
mp-729,Cr3Si
mp-645,TbP
mp-834,ThN
mp-18337,Be3N2
mp-1079585,Nb2N
mp-343,PrN
mp-865,CaB6
mp-1213975,CaB4
mp-4511,La2SO2
mp-2350,LaS
mp-1087,SrS
mp-683,Pr2C3
mp-2576,Sr2Ge
mp-304,Ca2Ge
mp-1014265,Zr2N
mp-1352,ZrN
mp-7822,Sc5Si3
mp-510401,GdP
mp-625,Mg3Ru2
mp-1585,V3Co
mp-542614,VCo3
mp-771,MnAl
mp-1187696,VCr3
mp-1216394,VCr
mp-1187695,V3Cr
mp-20648,V2C
mp-28731,V6C5
mp-20937,Cr3C2
mp-1196316,Cr7C3
mp-723,Cr23C6
mp-1409,TiNi3
mp-1048,TiNi
mp-1808,Ti2Ni
mp-2091,V3B2
mp-9973,VB
mp-1491,VB2
mp-1206441,V5B6
mp-569270,V3B4
mp-9208,V2B3
mp-2748,CeAs
mp-1837,TbCu
mp-1527,TbCu2
mp-11363,TbCu5
mp-567490,Hf5Re24
mp-1203605,Hf21Re25
mp-1689,HfRe2
mp-1495,ErIr2
mp-2713,ErIr
mp-1201760,Er5Ir3
mp-1212499,Hf5Ir3
mp-1007786,HfIr
mp-1018124,Ti2Rh
mp-2583,TiRh
mp-1545,Nb3Rh
mp-892,ScPt
mp-1196981,Sc57Pt13
mp-1184479,Gd3In
mp-567750,ScRu2
mp-30867,ScRu
mp-1210377,Sc57Ru13
mp-1194143,Sc11Ru4
mp-1209947,Sc44Ru7
mp-1065995,ZrPt
mp-669917,ZrRh
mp-571664,Zr2Rh
mp-1188413,Zr3Rh
mp-1207599,Yb2Si
mp-30622,Dy5Ru2
mp-1105841,Dy3Ru
mp-11454,Hf2Pd
mp-30828,Sr2Pb
mp-1102508,DyOs2
mp-1189887,Dy3Os
mp-2593,AlNi3
mp-1487,AlNi
mp-16514,Al3Ni5
mp-1007691,HfPt
mp-377,LuRh
mp-980757,Sm5Sb3
mp-1080443,YCu
mp-994,YP
mp-2698,YCu2
mp-2797,YCu5
mp-2432,CaMg2
mp-1937,YbCu
mp-1607,YbCu5
mp-567538,YbCu2
mp-22447,Zr3P
mp-583740,Zr7P4
mp-510184,GdOs2
mp-1107,Th7Rh3
mp-12755,ThRh
mp-890,NdIr2
mp-30522,Nd5Ir3
mp-1104605,Nd5Ir2
mp-1189686,Nd3Ir
mp-679,Er2O3
mp-568643,RbC8
mp-17190,Sc5Ge3
mp-1105563,GdB4
mp-28366,Gd2B5
mp-1200894,Zr3As
mp-9459,Y4C5
mp-1334,Y2C
mp-1200885,Y4C7
mp-1200613,Y3C4
mp-1105989,Lu5Ge3
mp-11219,LuB2
mp-571495,LuB4
mp-646926,GdRu2
mp-570421,Sm2B5
mp-8546,SmB4
mp-864675,Yb3N2
mp-1102,LuN
mp-940,GdN
mp-1269,SmS
mp-570007,SmOs2
mp-1190029,Sm3Os
mp-1542,YB2
mp-637,YB4
mp-1865,UN
mp-567412,Y5Sn3
mp-685209,Sc39N34
mp-2857,ScN
mp-1500,BaS
mp-1845,CaBe13
mp-23056,Sr2BrN
mp-567744,SrBr2
mp-1208630,SrC6
mp-568793,Ca28Ga11
mp-13971,Nd2SeO2
mp-2108,Ti5Si3
mp-1025402,SrCu
mp-1014229,Ti2Zn
mp-1202079,Ti21Mn25
mp-1949,TiMn2
mp-2493,CeN
mp-2602,NdAs
mp-1358,DyIr2
mp-1200226,Dy5Ir3
mp-1105615,Dy3Ir
mp-650,Be5Pd
mp-862714,Be3Ir
mp-2322,YAl2
mp-570670,YOs2
mp-1188757,Y3Os
mp-571262,CaRh2
mp-1214063,Ca5Rh
mp-567612,ScOs2
mp-568623,Sc44Os7
mp-12305,Sc11Os4
mp-1584,YbIr2
mp-1190862,Sc2Pd
mp-2781,ScPd
mp-1095545,ZrTc2
mp-1438,ZrIr3
mp-30749,Zr5Ir3
mp-568992,ZrIr
mp-30748,Zr3Ir
mp-11457,HfRh
mp-1190626,Hf2Rh
mp-11564,TmRh
mp-2762,YIr2
mp-1198712,Y5Ir3
mp-1207785,Y3Ir
mp-2252,ScB2
mp-1077154,SmCu2
mp-980769,SmCu
mp-227,SmCu5
mp-680653,Yb8In3
mp-1694,Yb2Ge
mp-568630,LuRu2
mp-11495,LuRu
mp-2339,Ti3Pt
mp-708,LaAs
mp-20211,Mn3Si
mp-10688,CeO
mp-23260,BaI2
mp-29909,Ba4I6O
mp-965,TbB2
mp-568225,TbB4
mp-542583,EuTe
mp-2545,YbHg
mp-1774,ErB2
mp-2847,ErB4
mp-29621,Ba5Bi3
mp-1187198,SrMg2
mp-1974,CeB4
mp-568151,Ti5Ge3
mp-2199,Fe3Si
mp-19830,ErN
mp-3236,Pr2SO2
mp-2495,PrS
mp-2384,LaP
mp-567735,Nd5Si3
mp-9967,NdSi
mp-355,Nd5Si4
mp-28861,CsC8
mp-1202486,La7Ru3
mp-1104417,La5Ru2
mp-5459,Nd2TeO2
mp-17193,Ca3GeO
mp-2090,FeCo
mp-601820,Fe3Co
mp-601848,Fe11Co5
mp-601842,Fe9Co7
mp-12659,Mn2Nb
mp-1192350,NbFe2
mp-1221111,NbFe
mp-759,La2Sb
mp-1129,ScIr
mp-1200708,Sc44Ir7
mp-862655,Ru3W
mp-867816,TaRu3
mp-977390,Ta3Ru
mp-1601,TaRu
mp-1218044,Ta3Ru2
mp-567590,LuOs2
mp-544,Ti3Ir
mp-1235,TiIr
mp-1780,ScRh
mp-30863,Sc57Rh13
mp-189,SiRu
mp-867262,ScTc3
mp-1101953,HoOs2
mp-1190011,Ho3Os
mp-2725,TbIr2
mp-1201266,Tb5Ir3
mp-1106276,Tb3Ir
mp-1578,V3Rh
mp-2006,V3Ir
mp-1079438,Ta2N
